-1,0,	// 0:NG【4.5.0】にゃんこ福引
-1,0,	// 1:  【4.2.0】モンハン大狩猟クエスト
-1,0,	// 2:  【4.7.0】にゃんパズル＆ねば～る君
-1,0,	// 3:NG【5.7.0】2016にゃんこ福引
-1,0,	// 4:NG【5.10.0】にゃんこ福引2017春
-1,0,	// 5:NG【6.0.0】にゃんこ福引2017GW
-1,0,	// 6:NG【6.1.0】にゃんこ福引2017梅雨
-1,0,	// 7:NG【6.3.0】にゃんこ福引2017夏
-1,0,	// 8:NG【6.4.0】にゃんこ福引2017銀週間
-1,0,	// 9:  【6.7.0】にゃんこ福引2018正月
-1,0,	//10:  【6.9.0】にゃんこ福引2018受験
-1,0,	//11セット(能力)
-1,0,	//12セット(能力)
-1,0,	//13セット(能力)
-1,0,	//14セット(能力)
-1,0,	//15セット(能力)
-1,0,	//16セット(能力)
-1,0,	//17セット(能力)
-1,0,	//18セット(能力)
-1,0,	//19セット(能力)
-1,0,	//20セット(能力)
-1,0,	//21セット(能力)
-1,0,	//22セット(能力)
-1,0,	//23セット(能力)
-1,0,	//24セット(能力)
-1,0,	//25セット(能力)
-1,0,	//26セット(能力)
-1,0,	//27セット(能力)
-1,0,	//28セット(能力)
-1,0,	//29セット(能力)
-1,0,	//30セット(能力)
-1,0,	//31セット(能力)
-1,0,	//32セット(能力)
-1,0,	//33セット(能力)
-1,0,	//34セット(能力)
-1,0,	//35セット(能力)
-1,0,	//36セット(能力)
-1,0,	//37セット(能力)
-1,0,	//38セット(能力)
-1,0,	//39セット(能力)
-1,0,	//40セット(能力)
-1,0,	//41セット(能力)
-1,0,	//42セット(能力)
-1,0,	//43セット(能力)
-1,0,	//44セット(能力)
-1,0,	//45セット(能力)
-1,0,	//46セット(能力)
-1,0,	//47セット(能力)
-1,0,	//48セット(能力)
-1,0,	//49セット(能力)
-1,0,	//50セット(能力)
-1,0,	//51セット(能力)
-1,0,	//52セット(能力)
-1,0,	//53セット(能力)
-1,0,	//54セット(能力)
-1,0,	//55セット(能力)
-1,0,	//56セット(能力)
-1,0,	//57セット(能力)
-1,0,	//58セット(能力)
-1,0,	//59セット(能力)
-1,0,	//60セット(能力)
-1,0,	//61セット(能力)
-1,0,	//62セット(能力)
-1,0,	//63セット(能力)
-1,0,	//64セット(能力)
-1,0,	//65セット(能力)
-1,0,	//66セット(能力)
-1,0,	//67セット(能力)
-1,0,	//68セット(能力)
-1,0,	//69セット(能力)
-1,0,	//70セット(能力)
-1,0,	//71セット(能力)
-1,0,	//72セット(能力)
-1,0,	//73セット(能力)
-1,0,	//74セット(能力)
-1,0,	//75セット(能力)
-1,0,	//76セット(能力)
-1,0,	//77セット(能力)
-1,0,	//78セット(能力)
-1,0,	//79セット(能力)
-1,0,	//80セット(能力)
-1,0,	//81セット(能力)
-1,0,	//82セット(能力)
-1,0,	//83セット(能力)
-1,0,	//84セット(能力)
-1,0,	//85セット(能力)
-1,0,	//86セット(能力)
-1,0,	//87セット(能力)
-1,0,	//88セット(能力)
-1,0,	//89セット(能力)
-1,0,	//90セット(能力)
-1,0,	//91セット(能力)
-1,0,	//92セット(能力)
-1,0,	//93セット(能力)
-1,0,	//94セット(能力)
-1,0,	//95セット(能力)
-1,0,	//96セット(能力)
-1,0,	//97セット(能力)
-1,0,	//98セット(能力)
-1,0,	//99セット(能力)
-1,0,	//100セット(能力)

(能力)
※キャラデータの後ろにつきます！！
XPで回すガチャ	ノーマルガチャチケット
-1の後は自動的に-1がすべて入る。(-1は存在しないと意味です。)
0:にゃんこ砲		破壊力
※1:にゃんこ砲		射程(無しなので出ないので注意)
2:にゃんこ砲		チャージ
3:働きネコ仕事効率
4:働きネコお財布
5:お城体力
6:研究力
7:会計力
8:勉強力
9:統率力
